<?xml version="1.0" encoding="UTF-8"?>
<project-private xmlns="http://www.netbeans.org/ns/project-private/1">
    <open-files xmlns="http://www.netbeans.org/ns/projectui-open-files/2">
        <group name="ED-JEE-DTO">
            <file>file:/E:/Software_Dev/Swinburne/Secure-Scaleable-Tutorial/5.2C/ED-JEE-DTO/ED-JEE-DTO-war/web/addUser.xhtml</file>
            <file>file:/E:/Software_Dev/Swinburne/Secure-Scaleable-Tutorial/5.2C/ED-JEE-DTO/ED-JEE-DTO-war/web/addUserSuccess.xhtml</file>
            <file>file:/E:/Software_Dev/Swinburne/Secure-Scaleable-Tutorial/5.2C/ED-JEE-DTO/ED-JEE-DTO-war/web/addUserFailure.xhtml</file>
        </group>
    </open-files>
</project-private>
