<?xml version="1.0" encoding="UTF-8"?>
<project-private xmlns="http://www.netbeans.org/ns/project-private/1">
    <editor-bookmarks xmlns="http://www.netbeans.org/ns/editor-bookmarks/2" lastBookmarkId="3">
        <file>
            <url>src/java/web/managed/bean/MyEmpManagedBean.java</url>
            <bookmark id="2">
                <name/>
                <line>25</line>
                <key/>
            </bookmark>
            <bookmark id="3">
                <name/>
                <line>150</line>
                <key/>
            </bookmark>
        </file>
    </editor-bookmarks>
    <open-files xmlns="http://www.netbeans.org/ns/projectui-open-files/2">
        <group/>
        <group name="7.1P">
            <file>file:/E:/Software_Dev/Swinburne/Secure-Scaleable-Tutorial/7.1P/Lab_07b_ED-Secure/ED-Secure/ED-Secure-war/web/WEB-INF/beans.xml</file>
            <file>file:/E:/Software_Dev/Swinburne/Secure-Scaleable-Tutorial/7.1P/Lab_07b_ED-Secure/ED-Secure/ED-Secure-war/web/index.xhtml</file>
            <file>file:/E:/Software_Dev/Swinburne/Secure-Scaleable-Tutorial/7.1P/Lab_07b_ED-Secure/ED-Secure/ED-Secure-war/web/WEB-INF/web.xml</file>
            <file>file:/E:/Software_Dev/Swinburne/Secure-Scaleable-Tutorial/7.1P/Lab_07b_ED-Secure/ED-Secure/ED-Secure-war/web/WEB-INF/faces-config.xml</file>
            <file>file:/E:/Software_Dev/Swinburne/Secure-Scaleable-Tutorial/7.1P/Lab_07b_ED-Secure/ED-Secure/ED-Secure-war/web/user/mainmenu.xhtml</file>
        </group>
    </open-files>
</project-private>
