<?xml version="1.0" encoding="UTF-8"?>
<project-private xmlns="http://www.netbeans.org/ns/project-private/1">
    <editor-bookmarks xmlns="http://www.netbeans.org/ns/editor-bookmarks/2" lastBookmarkId="0"/>
    <open-files xmlns="http://www.netbeans.org/ns/projectui-open-files/2">
        <group>
            <file>file:/E:/Software_Dev/Swinburne/Secure-Scaleable-Tutorial/5.1P/ED-JEE-DTO/ED-JEE-DTO-war/web/addUser.xhtml</file>
            <file>file:/E:/Software_Dev/Swinburne/Secure-Scaleable-Tutorial/5.1P/ED-JEE-DTO/ED-JEE-DTO-war/Source%20Packages/web/passwordsMatchValidator.java</file>
            <file>file:/E:/Software_Dev/Swinburne/Secure-Scaleable-Tutorial/5.1P/ED-JEE-DTO/ED-JEE-DTO-war/web/findUser.xhtml</file>
            <file>file:/E:/Software_Dev/Swinburne/Secure-Scaleable-Tutorial/5.1P/ED-JEE-DTO/ED-JEE-DTO-war/Source%20Packages/web/MyuserManagedBean.java</file>
        </group>
        <group name="ED-SFSB">
            <file>file:/E:/Software_Dev/Swinburne/Secure-Scaleable-Tutorial/5.1P/ED-JEE-DTO/ED-JEE-DTO-war/Source%20Packages/web/passwordsMatchValidator.java</file>
            <file>file:/E:/Software_Dev/Swinburne/Secure-Scaleable-Tutorial/5.1P/ED-JEE-DTO/ED-JEE-DTO-war/web/addUser.xhtml</file>
        </group>
        <group name="ED-JEE-DTO">
            <file>file:/E:/Software_Dev/Swinburne/Secure-Scaleable-Tutorial/5.1P/ED-JEE-DTO/ED-JEE-DTO-war/web/addUser.xhtml</file>
        </group>
    </open-files>
</project-private>
